Accuracy,F1
0.7079020762317942,0.7114077521278551
