,Accuracy,F1
0,0.6600669269380925,0.5910768198591078
